Year,Forecast_YoY_pct
2023,4.370273
2025,3.5633128
2026,3.3607736
